{"(5, 2, 0)": [NaN, NaN, NaN, NaN], "(5, 2, 3)": [NaN, NaN, NaN, NaN], "(5, 1, 3)": [NaN, -1495769.1723549822, NaN, NaN], "(5, 1, 0)": [-48147.345259856746, -6.050712318701038e+306, -3.102198107003908e+40, -4.9213433319424705e+19], "(5, 1, 2)": [-2.0009371000939992e+45, -15935.1702704951, 0.0, -975590.573043196], "(5, 1, 1)": [-843.2050770596825, -3.465775614693554e+20, 0.0, -4918.176009412067], "(5, 2, 1)": [NaN, NaN, NaN, NaN], "(5, 2, 2)": [NaN, NaN, 0.0, NaN], "(4, 2, 2)": [NaN, NaN, NaN, NaN], "(4, 2, 3)": [NaN, NaN, NaN, NaN], "(4, 1, 3)": [NaN, NaN, NaN, NaN], "(4, 1, 2)": [NaN, NaN, NaN, NaN], "(3, 1, 2)": [NaN, NaN, NaN, NaN], "(3, 1, 3)": [NaN, NaN, NaN, NaN], "(3, 1, 1)": [-9.417200777067892e+89, -3.780906714350417e+46, 0.0, -18434449.516200855], "(3, 1, 0)": [NaN, NaN, NaN, NaN], "(4, 1, 0)": [NaN, NaN, NaN, NaN], "(4, 1, 1)": [-5.853372272055824e+55, -1.495179432208916e+39, 0.0, -5689644.825987918], "(4, 2, 1)": [NaN, NaN, NaN, NaN], "(4, 3, 1)": [-1.395930590506596e+205, -2.3198400101351634e+21, -2.548189517789451e+50, -3.4806995932912613e+21], "(4, 3, 0)": [-4.964616522734972e+18, -5.710475181967343e+304, -7.196913478045404e+90, -4.4648237424849125e+23], "(4, 3, 3)": [NaN, NaN, NaN, NaN], "(5, 3, 0)": [NaN, NaN, NaN, NaN], "(5, 3, 3)": [NaN, NaN, NaN, -79361829.05902869], "(4, 3, 2)": [-2.123161429859861e+199, -1.1697798077105884e+238, -7.425185654164025e+58, -7.79872580910328e+58], "(5, 3, 2)": [-7.952854717644975e+25, -1.5775226181918584e+28, 0.0, -1517.8691387074284], "(5, 3, 1)": [NaN, NaN, NaN, NaN], "(5, 4, 1)": [NaN, NaN, NaN, NaN], "(5, 4, 0)": [NaN, NaN, NaN, NaN], "(5, 5, 1)": [NaN, NaN, NaN, NaN], "(5, 5, 2)": [7.413968424429724e+123, 9.222767559287444e+118, 0.0, 1.739164142108894e+73], "(1, 3, 2)": [-1.0549027258041164e+26, -3.999215732004438e+299, -3.9250328785559e+32, -1.3862895802789109e+26], "(1, 3, 1)": [NaN, NaN, NaN, -1.2392223447482368e+17], "(1, 3, 3)": [-307364.6800918083, -6.478973305070704e+20, -27611343.07871886, -741441.7010193199], "(1, 2, 3)": [NaN, NaN, NaN, NaN], "(1, 1, 3)": [-2990141.2273786906, -1.5626898303209981e+301, -5.120148420571454e+49, -1.1338561869336965e+29], "(1, 1, 2)": [NaN, NaN, NaN, NaN], "(1, 1, 0)": [-541994.70724622, -4.418252620913875e+25, 0.0, -28683.40648689118], "(1, 1, 1)": [-3.2848698053410665e+31, -8852.816816941722, 0.0, -28683.40648689118], "(1, 2, 1)": [NaN, -7790454.130728565, NaN, -23407226482499.734], "(1, 2, 0)": [-839083786602395.0, -8.223113578754341e+62, 0.0, -2732.264449673371], "(2, 2, 0)": [-1.642953511798856e+207, -5.632003049544794e+307, -1.7706276720035437e+80, -1.8013179336794612e+80], "(2, 2, 1)": [NaN, NaN, NaN, NaN], "(2, 2, 2)": [NaN, NaN, NaN, NaN], "(1, 2, 2)": [NaN, NaN, NaN, NaN], "(1, 3, 0)": [-5.111173282941622e+28, -33182009.22916154, 0.0, -4918.176009412067], "(2, 3, 0)": [NaN, NaN, NaN, NaN], "(2, 3, 1)": [-1.8560774310982752e+93, -4.1954806711817284e+304, -6387534552456716.0, -1.0849282813674352e+17], "(2, 3, 3)": [NaN, NaN, NaN, NaN], "(2, 2, 3)": [NaN, NaN, NaN, NaN], "(2, 1, 3)": [NaN, NaN, NaN, NaN], "(2, 1, 0)": [NaN, NaN, NaN, NaN], "(3, 2, 1)": [NaN, NaN, NaN, NaN], "(3, 2, 2)": [NaN, NaN, NaN, NaN], "(3, 2, 3)": [NaN, NaN, NaN, NaN], "(1, 4, 1)": [NaN, NaN, NaN, NaN], "(1, 4, 0)": [-5.632492807512117e+30, -541994.70724622, 0.0, -80.21051259904002], "(2, 4, 0)": [-6.443882440497263e+102, -7.686031753556014e+153, -4.636301448278235e+38, -5.824528234768193e+38], "(2, 4, 3)": [-3.673106574760708e+101, -2.3537988219536192e+33, -1.2072469288587478e+59, -3.54688249688693e+33], "(2, 3, 2)": [NaN, NaN, NaN, NaN], "(3, 3, 0)": [NaN, NaN, NaN, NaN], "(5, 4, 3)": [NaN, NaN, NaN, -205699.37424199545], "(5, 4, 2)": [-3.72408154303612e+82, -3.7618692952688955e+58, 0.0, -8852.816816941722], "(4, 2, 0)": [NaN, NaN, NaN, NaN], "(3, 2, 0)": [NaN, NaN, NaN, NaN], "(1, 4, 2)": [-6.511460348851502e+33, -4.5706220771151854e+300, -9.501401854382526e+33, -6.69805162149635e+33], "(1, 4, 3)": [-58164.41175164617, -1.1970923700407543e+22, -793722835.9582204, -7430186.089083331], "(4, 4, 1)": [NaN, NaN, NaN, NaN], "(4, 4, 0)": [NaN, NaN, NaN, NaN], "(4, 4, 2)": [NaN, NaN, NaN, NaN], "(4, 4, 3)": [NaN, NaN, NaN, NaN], "(3, 3, 1)": [NaN, NaN, NaN, NaN], "(3, 4, 1)": [-8.093608132849971e+232, -9.604348210404884e+111, -7.161601166992928e+109, -8.657909633686279e+109], "(3, 4, 0)": [NaN, NaN, NaN, NaN], "(2, 1, 2)": [NaN, NaN, NaN, NaN], "(2, 1, 1)": [-2.227398884477277e+23, -1.4243059672772024e+38, 0.0, -167282.23063154938], "(2, 4, 1)": [-10931.272929269922, -830128938855.8574, -2.7444914769175232e+91, -373522.807701157], "(2, 5, 1)": [-5.346112915479342e+66, -1.2953243554461848e+293, -7.487516007549281e+66, -1.352693535229736e+67], "(2, 5, 0)": [NaN, NaN, -4077109416.9130077, NaN], "(3, 5, 0)": [NaN, NaN, NaN, NaN], "(3, 5, 3)": [NaN, NaN, 0.0, NaN], "(3, 5, 2)": [NaN, NaN, NaN, NaN], "(3, 5, 1)": [NaN, NaN, NaN, NaN], "(2, 5, 2)": [-98.27644177746976, -1.9560123070207767e+18, -3.2815410402555538e+41, -33395.04174045734], "(2, 5, 3)": [-7.872968767329896e+49, -15935.1702704951, 0.0, -260.1620608208897], "(2, 4, 2)": [-821677510.2830385, -263314.1868936198, -2267446864636477.5, -484918.7122604118], "(4, 5, 0)": [NaN, NaN, NaN, NaN], "(4, 5, 3)": [NaN, NaN, 0.0, NaN], "(4, 5, 1)": [NaN, NaN, NaN, NaN], "(4, 5, 2)": [-2.255400938717988e+147, -6.3061560259666295e+44, -232936.12902104197, -35431925.10018552], "(1, 5, 2)": [-24.741153450031504, -1.1023551120764494e+115, -3.1868830328515456e+16, -13355735150.245022], "(1, 5, 3)": [-1517.8691387074284, -3656644349.0282326, 0.0, -80.21051259904002], "(1, 5, 1)": [-5.323410794807052e+112, -775.1722387950864, -2.631986368913455e+24, -472987721328.3607], "(1, 5, 0)": [-258976477346418.16, -80.21051259904002, 0.0, -28683.40648689118], "(3, 3, 2)": [NaN, NaN, NaN, NaN], "(3, 3, 3)": [NaN, NaN, NaN, NaN], "(3, 4, 2)": [NaN, NaN, NaN, NaN], "(3, 4, 3)": [NaN, NaN, NaN, NaN], "(5, 5, 0)": [NaN, NaN, NaN, NaN], "(5, 5, 3)": [4.92974230551273e+125, 6.465069840820345e+114, 0.0, 1.0151620492095197e+90]}