{"(1, 4, 0)": [271852200.0, 2861500.0, 0.0, 25825968700.0], "(1, 4, 3)": [73418654745800.0, -24946876300.0, 772827954700.0, -2.0921898356062e+16], "(1, 4, 1)": [-262598800.0, 9700.0, 921400.0, -24946876300.0], "(1, 5, 1)": [73418566320400.0, 2.057320934898376e+18, -2.09242659461176e+16, 1.9544541307829836e+20], "(1, 5, 2)": [789717215900.0, 6.571237621615621e+19, 5.747939079195516e+25, 5.400596590764652e+27], "(1, 5, 3)": [0.0, 247339475500.0, 0.0, 23497250182200.0], "(1, 4, 2)": [0.0, 8314674800.0, 781315881700.0, 921400.0], "(1, 3, 3)": [-2395154477800.0, 88473700.0, 8404050800.0, 931200.0], "(1, 2, 3)": [2.91097901280913e+16, -8.296290160771384e+18, 74216523696000.0, 789803808700.0], "(1, 1, 3)": [-3.6375945759182564e+21, -1.0083661254890684e+26, -9.475453394551831e+27, -3.6371742265176265e+21], "(1, 1, 0)": [87532900.0, -24944024500.0, 0.0, 921400.0], "(1, 1, 1)": [2425730478400.0, -100.0, 0.0, 87513300.0], "(1, 1, 2)": [-7.549973935388463e+20, 200.0, -1.35652861865032e+16, -3.801671453767594e+20], "(2, 1, 0)": [0.0, 0.0, 9700.0, -824112100.0], "(3, 1, 0)": [-100.0, -100.0, 200.0, -100.0], "(3, 1, 1)": [-100.0, -100.0, 0.0, -100.0], "(3, 2, 1)": [-8208700.0, 28700.0, -100.0, 76419010400.0], "(3, 2, 0)": [931200.0, -100.0, 88463900.0, 9700.0], "(4, 2, 0)": [0.0, 0.0, -100.0, 0.0], "(4, 2, 1)": [-100.0, -100.0, 0.0, 0.0], "(4, 2, 2)": [0.0, 9700.0, 0.0, -100.0], "(3, 2, 2)": [931200.0, 88473700.0, 9700.0, 0.0], "(3, 3, 1)": [-1.7743302052787463e+22, 8313763400.0, 6.625340305645252e+17, -1.867718302373538e+20], "(3, 3, 2)": [9700.0, -7357113130300.0, 0.0, 88463900.0], "(3, 4, 1)": [0.0, 0.0, -100.0, -100.0], "(3, 5, 1)": [-100.0, 0.0, 9700.0, 0.0], "(3, 5, 0)": [-100.0, 0.0, -100.0, 0.0], "(4, 5, 0)": [921400.0, 8315625400.0, 9700.0, 781406188700.0], "(4, 5, 3)": [9700.0, 8225328200.0, 0.0, 87532900.0], "(4, 4, 3)": [0.0, 0.0, 9700.0, 0.0], "(4, 4, 2)": [-100.0, -100.0, -100.0, 0.0], "(3, 4, 2)": [0.0, 0.0, 9700.0, 0.0], "(3, 4, 3)": [-100.0, -100.0, 0.0, 0.0], "(3, 4, 0)": [0.0, -100.0, 0.0, 0.0], "(3, 3, 3)": [921400.0, 9700.0, -100.0, 0.0], "(3, 3, 0)": [-100.0, -100.0, -100.0, -100.0], "(2, 3, 2)": [921400.0, 0.0, -100.0, 9700.0], "(1, 3, 2)": [88463900.0, 931200.0, -30379549176700.0, 9700.0], "(1, 3, 1)": [6.509034863782543e+18, 6.85161564608789e+16, 721222699588200.0, 7591818840900.0], "(1, 2, 0)": [9700.0, -8584600.0, 0.0, 0.0], "(1, 2, 1)": [-100.0, -100.0, -29200.0, 0.0], "(1, 2, 2)": [26096879900.0, -100.0, 274704000.0, 2479202639800.0], "(3, 2, 3)": [-100.0, -100.0, -100.0, -8556100.0], "(2, 2, 2)": [921400.0, 0.0, 9700.0, 0.0], "(2, 2, 0)": [921400.0, 0.0, 9700.0, 0.0], "(3, 1, 3)": [9700.0, 0.0, -100.0, 921400.0], "(3, 1, 2)": [9700.0, 0.0, 0.0, 931200.0], "(2, 1, 2)": [0.0, 0.0, -100.0, -100.0], "(2, 5, 2)": [-771467200.0, -8120500.0, 28700.0, -86200.0], "(1, 5, 0)": [9700.0, -8584600.0, 0.0, 931200.0], "(2, 5, 0)": [931200.0, 0.0, 9700.0, 0.0], "(2, 5, 1)": [726546463857800.0, -29200.0, 6.90219143402735e+16, 6.556332399119297e+18], "(4, 5, 1)": [74233409184200.0, 781405257700.0, -2.11564961623006e+16, -2.11541033738872e+16], "(4, 4, 0)": [0.0, -100.0, 0.0, 0.0], "(4, 4, 1)": [-100.0, -100.0, -100.0, 59000.0], "(4, 5, 2)": [-100.0, -8584600.0, 0.0, -100.0], "(3, 5, 2)": [0.0, 921400.0, 9700.0, -2764300.0], "(2, 4, 0)": [2452192291400.0, 0.0, -100.0, 26095929300.0], "(2, 4, 1)": [9700.0, -2318746318000.0, 0.0, 8226259200.0], "(2, 4, 2)": [-100.0, -100.0, -100.0, 0.0], "(2, 4, 3)": [9700.0, 0.0, 921400.0, 0.0], "(2, 3, 3)": [-2764300.0, 0.0, 9700.0, 0.0], "(4, 3, 0)": [-100.0, 0.0, -100.0, 0.0], "(5, 3, 0)": [-100.0, 2426469898200.0, 25542738900.0, -100.0], "(5, 3, 1)": [-100.0, -29200.0, -100.0, -100.0], "(5, 3, 2)": [0.0, -29200.0, 0.0, 0.0], "(5, 3, 3)": [9700.0, 0.0, 0.0, 0.0], "(4, 3, 2)": [781406188700.0, 921400.0, 9700.0, 8315625400.0], "(4, 3, 1)": [-29200.0, 0.0, 0.0, -2793700.0], "(4, 3, 3)": [0.0, 9700.0, 0.0, 0.0], "(1, 3, 0)": [-2764300.0, 9700.0, 0.0, 921400.0], "(5, 4, 1)": [0.0, 0.0, -100.0, -29200.0], "(5, 4, 2)": [0.0, -100.0, 0.0, -100.0], "(2, 5, 3)": [0.0, -29200.0, 0.0, 0.0], "(2, 3, 0)": [0.0, 9700.0, -100.0, -100.0], "(2, 2, 1)": [0.0, -100.0, 0.0, 0.0], "(2, 2, 3)": [-100.0, 0.0, 0.0, 0.0]}