{"(2, 5, 2)": [1.8675642021809256e-09, 7.335792567569008e-21, 1199.9999999981324, 9.344230404164788e-109], "(1, 5, 2)": [1200.0, 6.932962977367204e-80, 4.455325782171984e-27, 9.137727201672076e-17], "(1, 5, 3)": [6.697088920573146e-30, 1199.9999999999998, 1.8050492959735818e-23, 1.805893224471782e-13], "(1, 4, 3)": [479.14013225545875, 8.880152354845906e-10, 0.004948440006825177, 720.8549193036464], "(1, 4, 2)": [1199.9726966753574, 0.008015645912990563, 0.01928767864498375, 8.467507455105596e-11], "(1, 3, 3)": [0.0029269855514107556, 5.941325216133863e-35, 1199.9970730144487, 1.3988278845565319e-58], "(1, 2, 3)": [0.030566858256218365, 8.992549624434975e-24, 1190.4896228120992, 9.479810329644499], "(1, 2, 0)": [4.8061182432369374e-39, 5.830840088963209e-37, 1198.5852503002648, 1.4147496997351299], "(2, 2, 0)": [0.0009361362175590492, 1.8715000214592136e-19, 940.284625910724, 259.71443795305845], "(3, 2, 0)": [2.057383079143877e-20, 7.259503995434173e-39, 1200.0, 2.4349885217557552e-49], "(3, 2, 3)": [1199.9999999997242, 1.9631274040244675e-18, 2.7583804734899894e-10, 2.739400390946614e-22], "(3, 2, 2)": [4.935771432263056e-07, 4.297740547845571e-45, 1199.999999506423, 1.0460557177911689e-13], "(3, 1, 3)": [2.4642054107381884e-05, 1199.9989351006197, 1.7618955846605518e-17, 0.0010402573263614784], "(3, 1, 2)": [1.6917522983072515e-12, 5.029993996763784e-06, 1199.9999949698613, 1.4306313252584434e-10], "(3, 1, 1)": [1199.797095485566, 8.113023424817187e-06, 0.17864924958077721, 0.024247151830057257], "(3, 2, 1)": [0.9788295581035132, 1199.019243206233, 6.70633020950803e-18, 0.001927235663432557], "(4, 2, 0)": [3.288536517450549e-35, 1199.6617461041017, 0.3382538958981234, 2.0558138328842875e-23], "(4, 2, 3)": [1196.6028512967468, 3.3971487032530483, 1.0201882586680064e-28, 2.998387286015163e-38], "(4, 1, 3)": [9.44299429366425e-18, 1200.0, 2.1620554640092933e-23, 1.5044990129505118e-59], "(4, 1, 0)": [1.707694131241964e-06, 1.5539042988686937e-33, 1199.999998292306, 5.4475626039337884e-14], "(5, 1, 0)": [5.9754768929869254e-65, 940.2849748365837, 259.7150251634163, 5.7174067498850935e-19], "(5, 1, 3)": [1199.9999999984207, 5.699486301480339e-14, 7.091232225470782e-11, 1.508380419957222e-09], "(5, 1, 2)": [1152.02368528137, 0.5639956059390272, 47.412319112691044, 6.386536706347257e-15], "(4, 1, 2)": [9.829805073175848e-37, 1199.999999998565, 1.4347421879055588e-09, 3.5930435593835685e-35], "(3, 1, 0)": [1.2216589144984, 0.8160825184279566, 1197.9622573236677, 1.2434058084477737e-06], "(2, 1, 2)": [2.03262391224867e-57, 2.850158943297685e-13, 1199.9999999999998, 3.376957824265926e-23], "(2, 1, 1)": [1.0978798188677425e-07, 1199.9999998901683, 4.3779047021348015e-11, 4.449831768111483e-49], "(1, 1, 2)": [1190.5115086554667, 8.860894745564528e-06, 9.488482483638428, 2.9033811852210566e-25], "(1, 1, 1)": [7.011500870335553e-42, 3.237686499440791e-43, 1200.0, 4.25169247149127e-15], "(1, 1, 0)": [2.0423023808463213e-10, 1199.9999999997958, 1.483283409375892e-23, 2.101066069698452e-46], "(1, 2, 1)": [0.2879215635135796, 141.3126890920794, 1058.399389344407, 4.4719499735943604e-41], "(1, 2, 2)": [1200.0, 2.200887605912889e-19, 3.8900374263631045e-37, 2.0845806211413724e-15], "(2, 2, 3)": [0.0009350608948650623, 1194.0572842508639, 4.22289882541645e-40, 5.941780688241165], "(2, 2, 2)": [3.607365847391069e-20, 8.689186731689873e-07, 1199.9999991310815, 2.6101824625440566e-41], "(2, 2, 1)": [9.000131318283683e-12, 1199.999999962489, 2.053945819073922e-20, 3.7501926011515886e-08], "(5, 2, 0)": [1190.511505123704, 4.601611683677049e-34, 9.4884948762961, 2.0957361830173882e-35], "(5, 2, 3)": [1199.9999966445898, 1.2701586336930423e-70, 3.3554100763855357e-06, 1.5110811572228954e-34], "(5, 1, 1)": [0.0015454610295946715, 8.404113048416224e-05, 1199.99837049784, 1.9433219508241194e-55], "(5, 2, 1)": [1199.9995589711461, 3.3370658276454996e-25, 0.0004410288537548263, 1.2204351482636657e-20], "(5, 2, 2)": [3.556570159929924e-64, 3.035065781990458e-28, 1199.999999999638, 3.6193312900156146e-10], "(5, 3, 1)": [6.458274588316554e-19, 6.595129586898475e-14, 1199.9999999998383, 1.6185836492983885e-10], "(5, 4, 1)": [1.1462719293722871e-10, 4.1497057960923814e-10, 1199.9999999939844, 5.4859596492403585e-09], "(5, 4, 2)": [1.3590905084380642e-06, 2.9803709738601483e-05, 1199.9999688371997, 1.7656168093948456e-22], "(5, 4, 3)": [2.890358787958503e-50, 0.0023703642327309515, 1199.9976296357672, 5.954482393198569e-69], "(5, 3, 3)": [19.76239521749611, 2.405488267973381e-06, 1180.2345140604777, 0.00308831653793714], "(5, 3, 0)": [7.440234215503361e-16, 1199.9999999999986, 1.4307137327144257e-12, 3.677223242612595e-44], "(4, 4, 2)": [0.000125970790065185, 1199.9998739606415, 4.926232231670078e-33, 6.856837727073985e-08], "(4, 4, 3)": [0.0005167870148577377, 1.7354053343785635e-26, 1163.629128378344, 36.370354834641134], "(4, 4, 0)": [1199.996997702793, 1.2219198053059064e-08, 0.0030022849046051417, 8.335016552186e-11], "(4, 4, 1)": [1.069646083497504e-07, 1181.358325935426, 18.641669841323175, 4.116286236741682e-06], "(4, 3, 3)": [5.562947246135555e-64, 3.839990485064095e-33, 1199.999999837073, 1.629271617275271e-07], "(4, 3, 2)": [8.372942811037716e-13, 0.6979665069689786, 1199.3020334918442, 1.1859020404336213e-09], "(3, 3, 2)": [5.155668129227847e-19, 186.77120707302825, 1013.2287929267834, 1.8833170624116932e-10], "(3, 3, 1)": [4.1883389255274444e-21, 1199.624332389929, 4.811798837549901e-75, 0.37566761007094035], "(3, 4, 1)": [0.09947911919260907, 0.004441829545940418, 1199.8960790512615, 8.031708699438626e-37], "(3, 4, 0)": [1199.9999999999532, 2.193364617610857e-40, 4.6784412637468555e-11, 1.0244978215035632e-21], "(5, 4, 0)": [8.047054546134996, 1191.9529454538651, 3.116373072061728e-24, 2.083452618498773e-24], "(5, 5, 1)": [710.882926468047, 1.5672722191593422e-39, 1.1760676295714783e-45, 4891.17073531953], "(5, 5, 0)": [1197.4651847739958, 3.6127996110899128e-37, 8.88522814437432e-05, 2534.7263737228225], "(4, 2, 2)": [1199.9999352661366, 6.473386332356827e-05, 1.322750688872712e-29, 2.591536467051196e-65], "(4, 2, 1)": [2.538175620369775e-14, 5.385568425712986e-06, 1199.9999946144314, 2.872905882607077e-23], "(4, 3, 1)": [0.00018465508827241234, 1199.1092754057197, 9.039738262510487e-21, 0.8905399391919652], "(3, 4, 2)": [1199.999328852065, 1.345645617210117e-07, 5.04483513095088e-98, 0.0006710133704369392], "(3, 4, 3)": [1197.5371901535689, 9.60594667530917e-28, 2.462809846431166, 2.3995262161017746e-53], "(3, 3, 3)": [0.001989979010221126, 1199.9979978731212, 3.7634292226967703e-62, 1.214786862563439e-05], "(5, 3, 2)": [1199.99999999997, 3.007762654658755e-11, 4.620918118070376e-20, 2.388847404427301e-19], "(5, 5, 2)": [1179.669483640735, 4.322109693592169e-12, 6.413007215033105e-14, 2000.33051635926071], "(4, 5, 2)": [1.5461062206703444e-36, 6.885511292198e-46, 1200.0, 1.8295443767304801e-16], "(4, 5, 3)": [1046.8990370286438, 153.10096297135584, 5.305902307884203e-13, 7.931927400610199e-38], "(4, 5, 0)": [9.206291994730943e-99, 5.928709675891594e-15, 1200.0, 2.2785655770057298e-19], "(5, 5, 3)": [1200.0, 1.0937948946588776e-43, 1.2510205366884171e-14, 3163.4587203880447], "(2, 1, 0)": [4.2353061389824154e-20, 9.08837219080782e-26, 1200.0, 9.520315255400283e-29], "(2, 1, 3)": [1199.9999999999982, 1.8023184339786637e-12, 1.4104255943143623e-35, 2.46020111252715e-27], "(1, 1, 3)": [1199.996653108515, 7.284340719348699e-31, 0.003346891485218925, 1.995883621535866e-20], "(4, 1, 1)": [1199.9764749867456, 5.5575241098363914e-11, 1.1501206745205111e-07, 0.023524898186691963], "(4, 3, 0)": [1199.9999499002138, 5.00997862181222e-05, 1.4100220200997952e-38, 1.211863975662117e-22], "(2, 3, 1)": [1196.3754244183367, 1.8119138868100169, 2.591835109189185e-06, 1.81265910301822], "(2, 3, 0)": [4.862610446053917e-16, 43.31905763853407, 1156.6809423614657, 4.580145624583537e-64], "(2, 3, 3)": [913.7135963983396, 286.28640360166037, 2.6050138291294227e-22, 5.996654154157868e-126],